model,mae,mse
Residual-learning,1.7180900768859864,6.458453208321853
GNN-only,1.7188404056811524,6.462134500078762
GNN+NSPPK,1.7419926383361817,6.708293314593735
NSPPK-only,3.610192227828369,29.701058929505855
